﻿Date intervention;Désignation machine;Type de panne;Cause;Résumé intervention;Durée arrêt (h);Personnel;Nombre d'heures;Heure de fin;
20240827;Pesée nappe supérieur (NT1);Electrique;Usures matériels;Câble arraché dans le fin de course;0.000;LELONG Paul;0.017;08:36:50
20240827;Plieuse VT 1;Mauvais pliage / Pas de pliage;Réglage;Capteur présence cintre détecte pas le cintre;0.000;LELONG Paul;0.017;08:36:53
20240827;Décroche sac;Electrique;Autre;Thermique sur convoyeur sortie;0.000;LELONG Paul;0.017;08:36:53
20240828;Étiqueteuse VT;Plus de consommable;Plus d'encre;Changement rouleau d'encre;0.083;LELONG Paul;0.017;10:13:39
